<?xml version="1.0"?>
<doc>
    <assembly>
        <name>GraphicsCardMonitor</name>
    </assembly>
    <members>
        <member name="T:GraphicsCardMonitor.GraphicsCardMonitorForm">
            <summary>
            The Graphics Card Monitor Application
            </summary>
        </member>
        <member name="F:GraphicsCardMonitor.GraphicsCardMonitorForm.SETTLING_TIME">
            <summary>
            amount of time, in milliseconds, to refresh the application data for a selected GPU
            </summary>
        </member>
        <member name="F:GraphicsCardMonitor.GraphicsCardMonitorForm.BASE_VOLTAGE_CONVERSION">
            <summary>
            converts the GPU base voltage values to V
            </summary>
        </member>
        <member name="F:GraphicsCardMonitor.GraphicsCardMonitorForm.CLOCK_FREQ_CONVERSION">
            <summary>
            converts all GPU processor clock speeds to MHz
            </summary>
        </member>
        <member name="F:GraphicsCardMonitor.GraphicsCardMonitorForm.gs_GraphicsCards">
            <summary>
            interface for the graphics cards
            </summary>
        </member>
        <member name="F:GraphicsCardMonitor.GraphicsCardMonitorForm.gs_NumGraphicsCards">
            <summary>
            the total number of graphics cards in the system
            </summary>
        </member>
        <member name="F:GraphicsCardMonitor.GraphicsCardMonitorForm.gs_backGroundWorkers">
            <summary>
            List containing the BackgroundWorker objects available in the form
            </summary>
        </member>
        <member name="F:GraphicsCardMonitor.GraphicsCardMonitorForm.gs_selectedGpu">
            <summary>
            selected GPU from the GraphicsCardComboxBox
            </summary>
        </member>
        <member name="F:GraphicsCardMonitor.GraphicsCardMonitorForm.gs_cancelBackgroundWorkers">
            <summary>
            state of cancelling the BackgroundWorker objects
            </summary>
        </member>
        <member name="M:GraphicsCardMonitor.GraphicsCardMonitorForm.#ctor">
            <summary>
            Default constructor for the form
            </summary>
        </member>
        <member name="M:GraphicsCardMonitor.GraphicsCardMonitorForm.GetInternalExceptionMessage(System.Exception)">
            <summary>
            Finds the inner most exception message of an exception that occured
            </summary>
            <param name="ex">The Exception object</param>
            <returns>The inner most exception message as a string</returns>
        </member>
        <member name="M:GraphicsCardMonitor.GraphicsCardMonitorForm.InitializeBackgroundWorkerList">
            <summary>
            Adds all BackgroundWorker objects to the BackgroundWorker List object
            </summary>
        </member>
        <member name="M:GraphicsCardMonitor.GraphicsCardMonitorForm.GetNvidiaGraphicsCards">
            <summary>
            Gets all Nvidia based graphics cards installed in the system
            </summary>
        </member>
        <member name="M:GraphicsCardMonitor.GraphicsCardMonitorForm.FillComboBox(System.Windows.Forms.ComboBox,GraphicsCards.IGraphicsCard)">
            <summary>
            Fills the graphics card ComboBox with the name of all available
            graphics cards
            </summary>
            <param name="comboBox">The Windows From ComboBox object to fill</param>
            <param name="gCards">The graphics card interface</param>
        </member>
        <member name="M:GraphicsCardMonitor.GraphicsCardMonitorForm.RefreshApplication">
            <summary>
            Refreshes the application to a default state
            </summary>
        </member>
        <member name="M:GraphicsCardMonitor.GraphicsCardMonitorForm.ClearAppItems">
            <summary>
            Clears the application ComboBox and TextBox objects
            </summary>
        </member>
        <member name="M:GraphicsCardMonitor.GraphicsCardMonitorForm.DisableTextBoxes">
            <summary>
            Disables all TextBox controls
            </summary>
        </member>
        <member name="M:GraphicsCardMonitor.GraphicsCardMonitorForm.CancelBackgroundWorkers">
            <summary>
            Cancels all BackgroundWorker object operations in the BackgroundWorker List
            </summary>
        </member>
        <member name="M:GraphicsCardMonitor.GraphicsCardMonitorForm.UpdateTextBoxControlText(System.Windows.Forms.TextBox,System.ComponentModel.RunWorkerCompletedEventArgs)">
            <summary>
            Updates a TextBox control with a BackgroundWorker object's result
            </summary>
            <param name="textBox">The TextBox control to update</param>
            <param name="e">Object with the BackgroundWorker object results</param>
        </member>
        <member name="M:GraphicsCardMonitor.GraphicsCardMonitorForm.UpdateBaseVoltageTextBoxControlText(System.Windows.Forms.TextBox,System.ComponentModel.RunWorkerCompletedEventArgs)">
            <summary>
            Updates the base voltage TextBox control text to the respective base voltage BackgroundWorker
            object result. If any errors occurred obtaining the specific base voltage, a message is
            displayed to the user and then the TextBox control is cleared and then disabled.
            </summary>
            <param name="textBox">The base voltage TextBox control</param>
            <param name="e">Object with the BackgroundWorker object results</param>
        </member>
        <member name="M:GraphicsCardMonitor.GraphicsCardMonitorForm.GraphicsCardComboBox_SelectedIndexChanged(System.Object,System.EventArgs)">
            <summary>
            Event that occurs when the user selects a graphics card to monitor
            </summary>
            <param name="sender">Reference to the object that raised the event</param>
            <param name="e">Object to the specific event</param>
        </member>
        <member name="M:GraphicsCardMonitor.GraphicsCardMonitorForm.RefreshButton_Click(System.Object,System.EventArgs)">
            <summary>
            Event that occurs when the user clicks the Refresh button
            </summary>
            <param name="sender">Reference to the object that raised the event</param>
            <param name="e">Object to the specific event</param>
        </member>
        <member name="M:GraphicsCardMonitor.GraphicsCardMonitorForm.ExitButton_Click(System.Object,System.EventArgs)">
            <summary>
            Event that occurs when the user clicks the Exit button
            </summary>
            <param name="sender">Reference to the object that raised the event</param>
            <param name="e">Object to the specific event</param>
        </member>
        <member name="M:GraphicsCardMonitor.GraphicsCardMonitorForm.RefreshToolStripMenuItem_Click(System.Object,System.EventArgs)">
            <summary>
            Refreshes the application. Functions the same as the Refresh button
            </summary>
            <param name="sender"></param>
            <param name="e"></param>
        </member>
        <member name="M:GraphicsCardMonitor.GraphicsCardMonitorForm.InstructionsToolStripMenuItem_Click(System.Object,System.EventArgs)">
            <summary>
            Displays the instructions to the user on how to use the application
            </summary>
            <param name="sender"></param>
            <param name="e"></param>
        </member>
        <member name="M:GraphicsCardMonitor.GraphicsCardMonitorForm.AboutToolStripMenuItem_Click(System.Object,System.EventArgs)">
            <summary>
            Displays information about the application to the user
            </summary>
            <param name="sender"></param>
            <param name="e"></param>
        </member>
        <member name="M:GraphicsCardMonitor.GraphicsCardMonitorForm.serialNumBackgroundWorker_DoWork(System.Object,System.ComponentModel.DoWorkEventArgs)">
            <summary>
            Gets the graphics card serial number using the respective BackgroundWorker object
            </summary>
            <param name="sender">BackgroundWorker object raising the event</param>
            <param name="e">Object to store the BackgroundWorker results</param>
            <exception cref="T:System.Exception">
            An exception is thrown if an error occurs with the graphics card API
            </exception>
        </member>
        <member name="M:GraphicsCardMonitor.GraphicsCardMonitorForm.serialNumBackgroundWorker_RunWorkerCompleted(System.Object,System.ComponentModel.RunWorkerCompletedEventArgs)">
            <summary>
            Sets the serial number TextBox control text to its respective BackgroundWorker object result
            </summary>
            <param name="sender">BackgroundWorker object that raised the event</param>
            <param name="e">Object with the BackgroundWorker object results</param>
        </member>
        <member name="M:GraphicsCardMonitor.GraphicsCardMonitorForm.vbiosBackgroundWorker_DoWork(System.Object,System.ComponentModel.DoWorkEventArgs)">
            <summary>
            Gets the graphics card VBIOS info using the respective BackgroundWorker object
            </summary>
            <param name="sender">BackgroundWorker object raising the event</param>
            <param name="e">Object to store the BackgroundWorker results</param>
            <exception cref="T:System.Exception">
            An exception is thrown if an error occurs with the graphics card API
            </exception>
        </member>
        <member name="M:GraphicsCardMonitor.GraphicsCardMonitorForm.vbiosBackgroundWorker_RunWorkerCompleted(System.Object,System.ComponentModel.RunWorkerCompletedEventArgs)">
            <summary>
            Sets the VBIOS TextBox control text to its respective BackgroundWorker object result
            </summary>
            <param name="sender">BackgroundWorker object that raised the event</param>
            <param name="e">Object with the BackgroundWorker object results</param>
        </member>
        <member name="M:GraphicsCardMonitor.GraphicsCardMonitorForm.physRamBackgroundWorker_DoWork(System.Object,System.ComponentModel.DoWorkEventArgs)">
            <summary>
            Gets the graphics card physical RAM size using the respective BackgroundWorker object
            </summary>
            <param name="sender">BackgroundWorker object raising the event</param>
            <param name="e">Object to store the BackgroundWorker results</param>
            <exception cref="T:System.Exception">
            An exception is thrown if an error occurs with the graphics card API
            </exception>
        </member>
        <member name="M:GraphicsCardMonitor.GraphicsCardMonitorForm.physRamBackgroundWorker_RunWorkerCompleted(System.Object,System.ComponentModel.RunWorkerCompletedEventArgs)">
            <summary>
            Sets the physical RAM TextBox control text to its respective BackgroundWorker object result
            </summary>
            <param name="sender">BackgroundWorker object that raised the event</param>
            <param name="e">Object with the BackgroundWorker object results</param>
        </member>
        <member name="M:GraphicsCardMonitor.GraphicsCardMonitorForm.vRamBackgroundWorker_DoWork(System.Object,System.ComponentModel.DoWorkEventArgs)">
            <summary>
            Gets the graphics card virtual RAM size using the respective BackgroundWorker object
            </summary>
            <param name="sender">BackgroundWorker object raising the event</param>
            <param name="e">Object to store the BackgroundWorker results</param>
            <exception cref="T:System.Exception">
            An exception is thrown if an error occurs with the graphics card API
            </exception>
        </member>
        <member name="M:GraphicsCardMonitor.GraphicsCardMonitorForm.vRamBackgroundWorker_RunWorkerCompleted(System.Object,System.ComponentModel.RunWorkerCompletedEventArgs)">
            <summary>
            Sets the virtual RAM TextBox control text to its respective BackgroundWorker object result
            </summary>
            <param name="sender">BackgroundWorker object that raised the event</param>
            <param name="e">Object with the BackgroundWorker object results</param>
        </member>
        <member name="M:GraphicsCardMonitor.GraphicsCardMonitorForm.numCoresBackgroundWorker_DoWork(System.Object,System.ComponentModel.DoWorkEventArgs)">
            <summary>
            Gets the number of GPU cores for the graphics card using the respective BackgroundWorker object
            </summary>
            <param name="sender">BackgroundWorker object raising the event</param>
            <param name="e">Object to store the BackgroundWorker results</param>
            <exception cref="T:System.Exception">
            An exception is thrown if an error occurs with the graphics card API
            </exception>
        </member>
        <member name="M:GraphicsCardMonitor.GraphicsCardMonitorForm.numCoresBackgroundWorker_RunWorkerCompleted(System.Object,System.ComponentModel.RunWorkerCompletedEventArgs)">
            <summary>
            Sets the GPU core count TextBox control text to its respective BackgroundWorker object result
            </summary>
            <param name="sender">BackgroundWorker object that raised the event</param>
            <param name="e">Object with the BackgroundWorker object results</param>
        </member>
        <member name="M:GraphicsCardMonitor.GraphicsCardMonitorForm.busIdBackgroundWorker_DoWork(System.Object,System.ComponentModel.DoWorkEventArgs)">
            <summary>
            Gets the GPU bus ID for the graphics card using the respective BackgroundWorker object
            </summary>
            <param name="sender">BackgroundWorker object raising the event</param>
            <param name="e">Object to store the BackgroundWorker results</param>
            <exception cref="T:System.Exception">
            An exception is thrown if an error occurs with the graphics card API
            </exception>
        </member>
        <member name="M:GraphicsCardMonitor.GraphicsCardMonitorForm.busIdBackgroundWorker_RunWorkerCompleted(System.Object,System.ComponentModel.RunWorkerCompletedEventArgs)">
            <summary>
            Sets the GPU bus ID TextBox control text to its respective BackgroundWorker object result
            </summary>
            <param name="sender">BackgroundWorker object that raised the event</param>
            <param name="e">Object with the BackgroundWorker object results</param>
        </member>
        <member name="M:GraphicsCardMonitor.GraphicsCardMonitorForm.coreTempBackgroundWorker_DoWork(System.Object,System.ComponentModel.DoWorkEventArgs)">
            <summary>
            Gets the GPU core temperature using the respective BackgroundWorker object
            </summary>
            <param name="sender">BackgroundWorker object raising the event</param>
            <param name="e">Object to store the BackgroundWorker results</param>
            <exception cref="T:System.Exception">
            An exception is thrown if an error occurs with the graphics card API
            </exception>
        </member>
        <member name="M:GraphicsCardMonitor.GraphicsCardMonitorForm.coreTempBackgroundWorker_RunWorkerCompleted(System.Object,System.ComponentModel.RunWorkerCompletedEventArgs)">
            <summary>
            Sets the GPU core temp TextBox control text to its respective BackgroundWorker object result
            </summary>
            <param name="sender">BackgroundWorker object that raised the event</param>
            <param name="e">Object with the BackgroundWorker object results</param>
        </member>
        <member name="M:GraphicsCardMonitor.GraphicsCardMonitorForm.pciInternalBackgroundWorker_DoWork(System.Object,System.ComponentModel.DoWorkEventArgs)">
            <summary>
            Gets the PCI internal ID of the graphics card using the respective BackgroundWorker object
            </summary>
            <param name="sender">BackgroundWorker object raising the event</param>
            <param name="e">Object to store the BackgroundWorker results</param>
            <exception cref="T:System.Exception">
            An exception is thrown if an error occurs with the graphics card API
            </exception>
        </member>
        <member name="M:GraphicsCardMonitor.GraphicsCardMonitorForm.pciInternalBackgroundWorker_RunWorkerCompleted(System.Object,System.ComponentModel.RunWorkerCompletedEventArgs)">
            <summary>
            Sets the GPU PCI Internal ID TextBox control text to its respective BackgroundWorker object result
            </summary>
            <param name="sender">BackgroundWorker object that raised the event</param>
            <param name="e">Object with the BackgroundWorker object results</param>
        </member>
        <member name="M:GraphicsCardMonitor.GraphicsCardMonitorForm.pciRevBackgroundWorker_DoWork(System.Object,System.ComponentModel.DoWorkEventArgs)">
            <summary>
            Gets the PCI revision ID of the graphics card using the respective BackgroundWorker object
            </summary>
            <param name="sender">BackgroundWorker object raising the event</param>
            <param name="e">Object to store the BackgroundWorker results</param>
            <exception cref="T:System.Exception">
            An exception is thrown if an error occurs with the graphics card API
            </exception>
        </member>
        <member name="M:GraphicsCardMonitor.GraphicsCardMonitorForm.pciRevBackgroundWorker_RunWorkerCompleted(System.Object,System.ComponentModel.RunWorkerCompletedEventArgs)">
            <summary>
            Sets the GPU PCI revision TextBox control text to its respective BackgroundWorker object result
            </summary>
            <param name="sender">BackgroundWorker object that raised the event</param>
            <param name="e">Object with the BackgroundWorker object results</param>
        </member>
        <member name="M:GraphicsCardMonitor.GraphicsCardMonitorForm.pciSubsystemBackgroundWorker_DoWork(System.Object,System.ComponentModel.DoWorkEventArgs)">
            <summary>
            Gets the PCI subsystem ID of the graphics card using the respective BackgroundWorker object
            </summary>
            <param name="sender">BackgroundWorker object raising the event</param>
            <param name="e">Object to store the BackgroundWorker results</param>
            <exception cref="T:System.Exception">
            An exception is thrown if an error occurs with the graphics card API
            </exception>
        </member>
        <member name="M:GraphicsCardMonitor.GraphicsCardMonitorForm.pciSubsystemBackgroundWorker_RunWorkerCompleted(System.Object,System.ComponentModel.RunWorkerCompletedEventArgs)">
            <summary>
            Sets the GPU PCI subsystem ID TextBox control text to its respective BackgroundWorker object result
            </summary>
            <param name="sender">BackgroundWorker object that raised the event</param>
            <param name="e">Object with the BackgroundWorker object results</param>
        </member>
        <member name="M:GraphicsCardMonitor.GraphicsCardMonitorForm.pciExternalBackgroundWorker_DoWork(System.Object,System.ComponentModel.DoWorkEventArgs)">
            <summary>
            Gets the PCI external ID of the graphics card using the respective BackgroundWorker object
            </summary>
            <param name="sender">BackgroundWorker object raising the event</param>
            <param name="e">Object to store the BackgroundWorker results</param>
            <exception cref="T:System.Exception">
            An exception is thrown if an error occurs with the graphics card API
            </exception>
        </member>
        <member name="M:GraphicsCardMonitor.GraphicsCardMonitorForm.pciExternalBackgroundWorker_RunWorkerCompleted(System.Object,System.ComponentModel.RunWorkerCompletedEventArgs)">
            <summary>
            Sets the GPU PCI External ID TextBox control text to its respective BackgroundWorker object result
            </summary>
            <param name="sender">BackgroundWorker object that raised the event</param>
            <param name="e">Object with the BackgroundWorker object results</param>
        </member>
        <member name="M:GraphicsCardMonitor.GraphicsCardMonitorForm.graphicsCurrentClockSpeedBackgroundWorker_DoWork(System.Object,System.ComponentModel.DoWorkEventArgs)">
            <summary>
            Gets the current clock speed of the graphics processor using the respective BackgroundWorker object
            </summary>
            <param name="sender">BackgroundWorker object raising the event</param>
            <param name="e">Object to store the BackgroundWorker results</param>
            <exception cref="T:System.Exception">
            An exception is thrown if an error occurs with the graphics card API
            </exception>
        </member>
        <member name="M:GraphicsCardMonitor.GraphicsCardMonitorForm.graphicsCurrentClockSpeedBackgroundWorker_RunWorkerCompleted(System.Object,System.ComponentModel.RunWorkerCompletedEventArgs)">
            <summary>
            Sets the graphics processor current clock speed TextBox control text to its 
            respective BackgroundWorker object result
            </summary>
            <param name="sender">BackgroundWorker object that raised the event</param>
            <param name="e">Object with the BackgroundWorker object results</param>
        </member>
        <member name="M:GraphicsCardMonitor.GraphicsCardMonitorForm.graphicsBaseClockSpeedBackgroundWorker_DoWork(System.Object,System.ComponentModel.DoWorkEventArgs)">
            <summary>
            Gets the base clock speed of the graphics processor using the respective BackgroundWorker object
            </summary>
            <param name="sender">BackgroundWorker object raising the event</param>
            <param name="e">Object to store the BackgroundWorker results</param>
            <exception cref="T:System.Exception">
            An exception is thrown if an error occurs with the graphics card API
            </exception>
        </member>
        <member name="M:GraphicsCardMonitor.GraphicsCardMonitorForm.graphicsBaseClockSpeedBackgroundWorker_RunWorkerCompleted(System.Object,System.ComponentModel.RunWorkerCompletedEventArgs)">
            <summary>
            Sets the graphics processor base clock speed TextBox control text to its 
            respective BackgroundWorker object result
            </summary>
            <param name="sender">BackgroundWorker object that raised the event</param>
            <param name="e">Object with the BackgroundWorker object results</param>
        </member>
        <member name="M:GraphicsCardMonitor.GraphicsCardMonitorForm.graphicsBoostClockSpeedBackgroundWorker_DoWork(System.Object,System.ComponentModel.DoWorkEventArgs)">
            <summary>
            Gets the boost clock speed of the graphics processor using the respective BackgroundWorker object
            </summary>
            <param name="sender">BackgroundWorker object raising the event</param>
            <param name="e">Object to store the BackgroundWorker results</param>
            <exception cref="T:System.Exception">
            An exception is thrown if an error occurs with the graphics card API
            </exception>
        </member>
        <member name="M:GraphicsCardMonitor.GraphicsCardMonitorForm.graphicsBoostClockSpeedBackgroundWorker_RunWorkerCompleted(System.Object,System.ComponentModel.RunWorkerCompletedEventArgs)">
            <summary>
            Sets the graphics processor boost clock speed TextBox control text to its 
            respective BackgroundWorker object result
            </summary>
            <param name="sender">BackgroundWorker object that raised the event</param>
            <param name="e">Object with the BackgroundWorker object results</param>
        </member>
        <member name="M:GraphicsCardMonitor.GraphicsCardMonitorForm.memoryCurrentClockSpeedBackgroundWorker_DoWork(System.Object,System.ComponentModel.DoWorkEventArgs)">
            <summary>
            Gets the current clock speed of the memory processor using the respective BackgroundWorker object
            </summary>
            <param name="sender">BackgroundWorker object raising the event</param>
            <param name="e">Object to store the BackgroundWorker results</param>
            <exception cref="T:System.Exception">
            An exception is thrown if an error occurs with the graphics card API
            </exception>
        </member>
        <member name="M:GraphicsCardMonitor.GraphicsCardMonitorForm.memoryCurrentClockSpeedBackgroundWorker_RunWorkerCompleted(System.Object,System.ComponentModel.RunWorkerCompletedEventArgs)">
            <summary>
            Sets the memory processor current clock speed TextBox control text to its 
            respective BackgroundWorker object result
            </summary>
            <param name="sender">BackgroundWorker object that raised the event</param>
            <param name="e">Object with the BackgroundWorker object results</param>
        </member>
        <member name="M:GraphicsCardMonitor.GraphicsCardMonitorForm.memoryBaseClockSpeedBackgroundWorker_DoWork(System.Object,System.ComponentModel.DoWorkEventArgs)">
            <summary>
            Gets the base clock speed of the memory processor using the respective BackgroundWorker object
            </summary>
            <param name="sender">BackgroundWorker object raising the event</param>
            <param name="e">Object to store the BackgroundWorker results</param>
            <exception cref="T:System.Exception">
            An exception is thrown if an error occurs with the graphics card API
            </exception>
        </member>
        <member name="M:GraphicsCardMonitor.GraphicsCardMonitorForm.memoryBaseClockSpeedBackgroundWorker_RunWorkerCompleted(System.Object,System.ComponentModel.RunWorkerCompletedEventArgs)">
            <summary>
            Sets the memory processor base clock speed TextBox control text to its 
            respective BackgroundWorker object result
            </summary>
            <param name="sender">BackgroundWorker object that raised the event</param>
            <param name="e">Object with the BackgroundWorker object results</param>
        </member>
        <member name="M:GraphicsCardMonitor.GraphicsCardMonitorForm.memoryBoostClockSpeedBackgroundWorker_DoWork(System.Object,System.ComponentModel.DoWorkEventArgs)">
            <summary>
            Gets the boost clock speed of the memory processor using the respective BackgroundWorker object
            </summary>
            <param name="sender">BackgroundWorker object raising the event</param>
            <param name="e">Object to store the BackgroundWorker results</param>
            <exception cref="T:System.Exception">
            An exception is thrown if an error occurs with the graphics card API
            </exception>
        </member>
        <member name="M:GraphicsCardMonitor.GraphicsCardMonitorForm.memoryBoostClockSpeedBackgroundWorker_RunWorkerCompleted(System.Object,System.ComponentModel.RunWorkerCompletedEventArgs)">
            <summary>
            Sets the memory processor boost clock speed TextBox control text to its 
            respective BackgroundWorker object result
            </summary>
            <param name="sender">BackgroundWorker object that raised the event</param>
            <param name="e">Object with the BackgroundWorker object results</param>
        </member>
        <member name="M:GraphicsCardMonitor.GraphicsCardMonitorForm.perfStateBackgroundWorker_DoWork(System.Object,System.ComponentModel.DoWorkEventArgs)">
            <summary>
            Gets the current performance state of the graphics card using the respective BackgroundWorker object
            </summary>
            <param name="sender">BackgroundWorker object raising the event</param>
            <param name="e">Object to store the BackgroundWorker results</param>
            <exception cref="T:System.Exception">
            An exception is thrown if an error occurs with the graphics card API
            </exception>
        </member>
        <member name="M:GraphicsCardMonitor.GraphicsCardMonitorForm.perfStateBackgroundWorker_RunWorkerCompleted(System.Object,System.ComponentModel.RunWorkerCompletedEventArgs)">
            <summary>
            Sets the graphics card performance state TextBox control text to its respective BackgroundWorker object result
            </summary>
            <param name="sender">BackgroundWorker object that raised the event</param>
            <param name="e">Object with the BackgroundWorker object results</param>
        </member>
        <member name="M:GraphicsCardMonitor.GraphicsCardMonitorForm.baseVoltage1BackgroundWorker_DoWork(System.Object,System.ComponentModel.DoWorkEventArgs)">
            <summary>
            Gets a base voltage of the graphics card using the respective BackgroundWorker object
            </summary>
            <param name="sender">BackgroundWorker object raising the event</param>
            <param name="e">Object to store the BackgroundWorker results</param>
            <exception cref="T:System.Exception">
            An exception is thrown if an error occurs with the graphics card API
            </exception>
        </member>
        <member name="M:GraphicsCardMonitor.GraphicsCardMonitorForm.baseVoltage1BackgroundWorker_RunWorkerCompleted(System.Object,System.ComponentModel.RunWorkerCompletedEventArgs)">
            <summary>
            Sets the base voltage 1 TextBox control text to its respective BackgroundWorker object result.
            The TextBox control gets disabled if any errors occur with the BackgroundWorker object.
            </summary>
            <param name="sender">BackgroundWorker object that raised the event</param>
            <param name="e">Object with the BackgroundWorker object results</param>
        </member>
        <member name="M:GraphicsCardMonitor.GraphicsCardMonitorForm.baseVoltage2BackgroundWorker_DoWork(System.Object,System.ComponentModel.DoWorkEventArgs)">
            <summary>
            Gets a base voltage of the graphics card using the respective BackgroundWorker object
            </summary>
            <param name="sender">BackgroundWorker object raising the event</param>
            <param name="e">Object to store the BackgroundWorker results</param>
            <exception cref="T:System.Exception">
            An exception is thrown if an error occurs with the graphics card API
            </exception>
        </member>
        <member name="M:GraphicsCardMonitor.GraphicsCardMonitorForm.baseVoltage2BackgroundWorker_RunWorkerCompleted(System.Object,System.ComponentModel.RunWorkerCompletedEventArgs)">
            <summary>
            Sets the base voltage 2 TextBox control text to its respective BackgroundWorker object result.
            The TextBox control gets disabled if any errors occur with the BackgroundWorker object.
            </summary>
            <param name="sender">BackgroundWorker object that raised the event</param>
            <param name="e">Object with the BackgroundWorker object results</param>
        </member>
        <member name="M:GraphicsCardMonitor.GraphicsCardMonitorForm.baseVoltage3BackgroundWorker_DoWork(System.Object,System.ComponentModel.DoWorkEventArgs)">
            <summary>
            Gets a base voltage of the graphics card using the respective BackgroundWorker object
            </summary>
            <param name="sender">BackgroundWorker object raising the event</param>
            <param name="e">Object to store the BackgroundWorker results</param>
            <exception cref="T:System.Exception">
            An exception is thrown if an error occurs with the graphics card API
            </exception>
        </member>
        <member name="M:GraphicsCardMonitor.GraphicsCardMonitorForm.baseVoltage3BackgroundWorker_RunWorkerCompleted(System.Object,System.ComponentModel.RunWorkerCompletedEventArgs)">
            <summary>
            Sets the base voltage 3 TextBox control text to its respective BackgroundWorker object result.
            The TextBox control gets disabled if any errors occur with the BackgroundWorker object.
            </summary>
            <param name="sender">BackgroundWorker object that raised the event</param>
            <param name="e">Object with the BackgroundWorker object results</param>
        </member>
        <member name="M:GraphicsCardMonitor.GraphicsCardMonitorForm.baseVoltage4BackgroundWorker_DoWork(System.Object,System.ComponentModel.DoWorkEventArgs)">
            <summary>
            Gets a base voltage of the graphics card using the respective BackgroundWorker object
            </summary>
            <param name="sender">BackgroundWorker object raising the event</param>
            <param name="e">Object to store the BackgroundWorker results</param>
            <exception cref="T:System.Exception">
            An exception is thrown if an error occurs with the graphics card API
            </exception>
        </member>
        <member name="M:GraphicsCardMonitor.GraphicsCardMonitorForm.baseVoltage4BackgroundWorker_RunWorkerCompleted(System.Object,System.ComponentModel.RunWorkerCompletedEventArgs)">
            <summary>
            Sets the base voltage 4 TextBox control text to its respective BackgroundWorker object result.
            The TextBox control gets disabled if any errors occur with the BackgroundWorker object.
            </summary>
            <param name="sender">BackgroundWorker object that raised the event</param>
            <param name="e">Object with the BackgroundWorker object results</param>
        </member>
        <member name="M:GraphicsCardMonitor.GraphicsCardMonitorForm.fanSpeedBackgroundWorker_DoWork(System.Object,System.ComponentModel.DoWorkEventArgs)">
            <summary>
            Gets the GPU fan spped using the respective BackgroundWorker object
            </summary>
            <param name="sender">BackgroundWorker object raising the event</param>
            <param name="e">Object to store the BackgroundWorker results</param>
            <exception cref="T:System.Exception">
            An exception is thrown if an error occurs with the graphics card API
            </exception>
        </member>
        <member name="M:GraphicsCardMonitor.GraphicsCardMonitorForm.fanSpeedBackgroundWorker_RunWorkerCompleted(System.Object,System.ComponentModel.RunWorkerCompletedEventArgs)">
            <summary>
            Sets the fan speed TextBox control text to its respective BackgroundWorker object result.
            </summary>
            <param name="sender">BackgroundWorker object that raised the event</param>
            <param name="e">Object with the BackgroundWorker object results</param>
        </member>
        <member name="F:GraphicsCardMonitor.GraphicsCardMonitorForm.components">
            <summary>
            Required designer variable.
            </summary>
        </member>
        <member name="M:GraphicsCardMonitor.GraphicsCardMonitorForm.Dispose(System.Boolean)">
            <summary>
            Clean up any resources being used.
            </summary>
            <param name="disposing">true if managed resources should be disposed; otherwise, false.</param>
        </member>
        <member name="M:GraphicsCardMonitor.GraphicsCardMonitorForm.InitializeComponent">
            <summary>
            Required method for Designer support - do not modify
            the contents of this method with the code editor.
            </summary>
        </member>
        <member name="M:GraphicsCardMonitor.Program.Main">
            <summary>
            The main entry point for the application.
            </summary>
        </member>
        <member name="T:GraphicsCardMonitor.Properties.Resources">
            <summary>
              A strongly-typed resource class, for looking up localized strings, etc.
            </summary>
        </member>
        <member name="P:GraphicsCardMonitor.Properties.Resources.ResourceManager">
            <summary>
              Returns the cached ResourceManager instance used by this class.
            </summary>
        </member>
        <member name="P:GraphicsCardMonitor.Properties.Resources.Culture">
            <summary>
              Overrides the current thread's CurrentUICulture property for all
              resource lookups using this strongly typed resource class.
            </summary>
        </member>
    </members>
</doc>
